L24_V033, 15940,15990, 16400,16988
L24_V033, 16003,15918, 16306,17077
L24_V033, 15910,15952, 16357,16923
L24_V033, 16028,15916, 16473,17077
L24_V033, 15979,15912, 16451,16996
L24_V033, 15848,15897, 16323,16943
L24_V033, 15899,16019, 16454,16894
L24_V033, 15983,15940, 16483,17054
L24_V033, 16019,16029, 16407,16944
L24_V033, 15954,16040, 16371,16889
L24_V033, 16034,15930, 16478,16996
L24_V033, 15927,15961, 16339,16943
L24_V033, 16035,15976, 16326,16911
L24_V033, 15937,15914, 16391,16976
L24_V033, 15994,15957, 16311,17074
L24_V033, 15957,16027, 16331,16984
L24_V033, 15860,16031, 16375,17048
L24_V033, 15998,15982, 16447,16937
L24_V033, 16020,15907, 16311,17057
L24_V033, 15898,16087, 16374,16908
L24_V033, 15899,15915, 16397,16959
L24_V033, 15956,16052, 16393,16929
L24_V033, 15934,15980, 16353,17059
L24_V033, 15908,16069, 16474,17053
L24_V033, 15858,16045, 16462,16931
L24_V033, 15976,16076, 16362,16929
L24_V033, 15958,15987, 16369,17051
L24_V033, 16016,16032, 16356,17063
L24_V033, 15923,16086, 16498,16902
L24_V033, 15898,15898, 16380,16990
L24_V033, 15908,15906, 16354,17033
L24_V033, 16023,15970, 16354,17055
L24_V033, 15967,15991, 16464,17005
L24_V033, 15876,15957, 16335,16951
L24_V033, 16030,16033, 16437,16955
L24_V033, 16031,16039, 16409,17037
L24_V033, 15942,15982, 16356,16923
L24_V033, 15970,16016, 16323,17081
L24_V033, 15852,15918, 16339,17048
L24_V033, 15880,16064, 16408,17040
L24_V033, 15856,15988, 16397,17040
L24_V033, 15959,16025, 16364,17029
L24_V033, 15842,16064, 16484,16917
L24_V033, 16014,16027, 16492,16956
L24_V033, 16036,16054, 16387,16916
L24_V033, 15915,16001, 16340,17004
L24_V033, 15840,16074, 16484,16955
L24_V033, 15968,16085, 16345,17017
L24_V033, 15867,16050, 16376,17051
L24_V033, 15969,16045, 16350,16927
L24_V033, 15935,16085, 16341,17026
L24_V033, 16039,16025, 16300,17041
L24_V033, 15922,16015, 16304,16916
L24_V033, 15932,15968, 16361,16902
L24_V033, 15901,16035, 16320,16909
L24_V033, 16027,16014, 16317,17082
L24_V033, 15976,16086, 16332,16920
L24_V033, 16008,16011, 16440,16930
L24_V033, 15907,16025, 16455,16996
L24_V033, 15894,16028, 16493,17074
L24_V033, 16016,15941, 16482,16967
L24_V033, 15942,16061, 16466,16983
L24_V033, 15952,16022, 16415,16918
L24_V033, 15903,15947, 16316,16974
L24_V033, 15845,16040, 16441,16946
L24_V033, 15990,15946, 16301,16906
L24_V033, 16021,16051, 16315,16946
L24_V033, 15857,15898, 16384,16906
L24_V033, 15971,15950, 16371,17059
L24_V033, 15964,15944, 16438,16921
L24_V033, 16025,16036, 16447,17009
L24_V033, 15902,16090, 16421,16992
L24_V033, 15888,15914, 16324,17056
L24_V033, 15950,15980, 16408,16993
L24_V033, 15959,16076, 16313,17060
L24_V033, 16007,16055, 16325,16903
L24_V033, 15943,16076, 16386,16915
L24_V033, 15903,15939, 16348,17025
L24_V033, 15954,15925, 16408,16934
L24_V033, 15911,16008, 16363,16907
L24_V033, 15953,16030, 16325,16900
L24_V033, 16006,16028, 16303,16911
L24_V033, 16032,15950, 16342,16992
L24_V033, 15964,16013, 16354,16990
L24_V033, 15855,15932, 16397,16888
L24_V033, 15939,15957, 16500,17088
L24_V033, 15956,15963, 16408,17066
L24_V033, 16027,16090, 16442,17057
L24_V033, 16023,16014, 16339,16936
L24_V033, 15915,15945, 16314,17036
L24_V033, 16028,16028, 16315,17079
L24_V033, 15920,15904, 16312,17037
L24_V033, 15962,16018, 16435,16928
L24_V033, 15854,16020, 16320,16935
L24_V033, 15857,16042, 16317,17060
L24_V033, 15900,15993, 16330,17033
L24_V033, 15903,16038, 16452,16898
L24_V033, 15998,15910, 16407,17056
L24_V033, 15989,16034, 16433,16968
